GEO,NUM,NAME,2000-01-01,2000-02-01,2000-03-01,2000-04-01,2000-05-01,2000-06-01,2000-07-01,2000-08-01,2000-09-01,2000-10-01,2000-11-01,2000-12-01,2001-01-01,2001-02-01,2001-03-01,2001-04-01,2001-05-01,2001-06-01,2001-07-01,2001-08-01,2001-09-01,2001-10-01,2001-11-01,2001-12-01,2002-01-01,2002-02-01,2002-03-01,2002-04-01,2002-05-01,2002-06-01,2002-07-01,2002-08-01,2002-09-01,2002-10-01,2002-11-01,2002-12-01,2003-01-01,2003-02-01,2003-03-01,2003-04-01,2003-05-01,2003-06-01,2003-07-01,2003-08-01,2003-09-01,2003-10-01,2003-11-01,2003-12-01,2004-01-01,2004-02-01,2004-03-01,2004-04-01,2004-05-01,2004-06-01,2004-07-01,2004-08-01,2004-09-01,2004-10-01,2004-11-01,2004-12-01,2005-01-01,2005-02-01,2005-03-01,2005-04-01,2005-05-01,2005-06-01,2005-07-01,2005-08-01,2005-09-01,2005-10-01,2005-11-01,2005-12-01,2006-01-01,2006-02-01,2006-03-01,2006-04-01,2006-05-01,2006-06-01,2006-07-01,2006-08-01,2006-09-01,2006-10-01,2006-11-01,2006-12-01,2007-01-01,2007-02-01,2007-03-01,2007-04-01,2007-05-01,2007-06-01,2007-07-01,2007-08-01,2007-09-01,2007-10-01,2007-11-01,2007-12-01,2008-01-01,2008-02-01,2008-03-01,2008-04-01,2008-05-01,2008-06-01,2008-07-01,2008-08-01,2008-09-01,2008-10-01,2008-11-01,2008-12-01,2009-01-01,2009-02-01,2009-03-01,2009-04-01,2009-05-01,2009-06-01,2009-07-01,2009-08-01,2009-09-01,2009-10-01,2009-11-01,2009-12-01
DR,DR01,VANCOUVER ISLAND/COAST DR,7582000,10090000,13198000,15808000,21442000,26748000,37878000,41018000,30981000,17908000,11037000,9914000,8699000,10968000,15862000,16626000,23160000,29006000,39538000,44599000,28346000,17471000,11478000,10439000,8839000,12278000,16400000,17860000,24598000,29947000,39378000,45615000,30498000,18504000,11791000,11130000,9449000,12662000,16504000,18235000,24277000,28743000,39345000,46889000,31296000,19732000,12638000,11664000,10790000,13988000,17112000,19345000,25368000,31377000,44190000,49384000,34905000,20804000,13250000,13091000,11115000,14290000,19444000,21069000,27455000,33168000,45580000,51142000,36088000,19800000,14863000,14634000,11845000,15333000,19696000,21685000,28983000,35103000,46721000,52803000,38090000,22913000,15490000,15076000,13152000,16002000,22027000,23890000,31667000,38184000,51985000,56568000,41861000,24391000,16504000,15250000,13530000,16504000,21548000,22529000,31009000,38398000,48078000,55777000,37954000,23402000,16118000,14198000,12006000,15834000,19097000,20312000,27625000,31768000,43993000,49399000,35941000,21977000,15374000,14023000
RD,RD17,CAPITAL RD,4149000,5952000,7620000,10057000,13860000,17144000,22913000,24504000,19609000,11489000,6557000,5785000,4907000,6541000,9673000,10321000,14285000,18381000,24038000,26632000,16693000,10942000,6609000,5938000,5004000,7480000,9776000,11293000,15626000,19006000,23316000,26706000,18095000,11531000,6723000,6272000,5080000,7200000,9456000,11083000,14840000,16924000,21667000,25829000,17831000,12106000,7261000,6191000,5668000,8102000,9990000,11663000,15638000,18499000,24587000,27142000,20235000,12783000,7529000,7072000,6402000,8436000,11677000,13441000,16510000,19113000,24934000,27497000,20534000,11600000,8742000,8340000,6643000,8787000,11246000,13141000,17824000,20682000,24811000,27962000,21743000,13358000,8700000,7927000,6760000,8778000,12446000,14163000,19254000,21549000,27751000,29749000,23143000,13725000,8736000,7626000,6752000,8854000,11733000,13501000,18601000,21891000,24392000,28049000,20548000,13047000,8470000,7429000,6303000,9165000,10915000,11928000,16124000,17253000,22387000,23500000,19264000,12211000,7962000,7311000
UC,UC04,VICTORIA UC,3401000,5017000,6383000,8454000,11592000,14425000,18843000,19860000,16488000,9636000,5160000,4889000,4118000,5485000,8255000,8592000,11851000,15251000,19428000,21547000,13347000,9061000,5310000,4898000,4146000,6378000,8232000,9460000,13025000,15848000,18484000,21403000,14823000,9218000,5528000,5157000,4168000,5908000,7680000,9197000,12073000,13460000,17021000,20234000,14501000,9980000,5985000,5042000,4701000,6787000,8383000,9576000,12892000,14772000,19271000,21097000,16262000,10190000,6058000,5668000,5173000,6875000,9527000,10960000,13148000,15226000,19005000,20864000,16598000,9277000,7017000,6759000,5233000,7124000,9099000,10541000,14267000,16349000,18534000,21196000,16813000,10557000,6865000,6132000,5349000,7046000,9893000,11372000,15382000,16663000,21089000,22486000,18215000,10997000,6630000,5790000,5162000,6988000,9246000,10679000,14784000,17353000,18466000,21259000,15989000,10329000,6383000,5495000,4756000,7454000,8725000,9424000,12707000,13109000,16643000,17229000,14898000,9342000,6119000,5413000
UC,UC28,SAANICH PENINSULA UC,226000,261000,305000,404000,510000,530000,753000,814000,618000,378000,567000,239000,275000,327000,385000,422000,577000,705000,882000,960000,725000,388000,368000,309000,291000,304000,386000,477000,637000,656000,954000,1055000,742000,594000,290000,266000,273000,358000,516000,462000,643000,716000,885000,1135000,712000,537000,307000,290000,291000,375000,464000,502000,587000,780000,1137000,1177000,886000,1032000,439000,410000,383000,517000,657000,727000,875000,1020000,1288000,1463000,1086000,678000,475000,503000,503000,540000,710000,834000,977000,1158000,1397000,1580000,1251000,734000,541000,484000,430000,509000,806000,808000,1210000,1275000,1738000,1880000,1410000,862000,631000,634000,621000,667000,794000,926000,1152000,1222000,1518000,1777000,1213000,906000,633000,618000,581000,605000,643000,857000,926000,1103000,1417000,1507000,1276000,839000,617000,631000
UC,UC9917,REST OF CAPITAL RD,522000,674000,932000,1199000,1758000,2189000,3316000,3830000,2503000,1475000,831000,656000,514000,729000,1032000,1307000,1858000,2425000,3728000,4125000,2620000,1493000,930000,732000,567000,798000,1158000,1356000,1964000,2502000,3878000,4249000,2531000,1719000,905000,849000,639000,934000,1260000,1425000,2123000,2749000,3761000,4459000,2618000,1589000,969000,859000,675000,940000,1143000,1585000,2159000,2947000,4179000,4867000,3087000,1560000,1033000,995000,846000,1044000,1493000,1754000,2487000,2867000,4642000,5170000,2849000,1645000,1249000,1079000,906000,1123000,1437000,1766000,2580000,3175000,4879000,5186000,3680000,2067000,1294000,1311000,982000,1223000,1747000,1983000,2662000,3611000,4924000,5383000,3518000,1867000,1475000,1202000,968000,1199000,1693000,1896000,2665000,3316000,4408000,5013000,3346000,1812000,1455000,1316000,966000,1105000,1547000,1647000,2491000,3041000,4327000,4765000,3090000,2030000,1225000,1267000
RD,RD19,COWICHAN VALLEY RD,228000,309000,388000,536000,686000,794000,999000,1140000,851000,580000,385000,372000,290000,359000,481000,573000,736000,759000,1046000,1203000,909000,535000,415000,323000,236000,358000,496000,535000,672000,766000,1081000,1206000,863000,593000,458000,380000,308000,414000,542000,561000,762000,856000,1151000,1321000,908000,631000,458000,372000,357000,432000,517000,632000,758000,896000,1198000,1298000,918000,609000,422000,362000,412000,563000,605000,601000,782000,1001000,1372000,1494000,991000,627000,485000,484000,436000,495000,658000,795000,924000,926000,1340000,1489000,1184000,851000,622000,526000,595000,635000,778000,830000,1107000,1138000,1520000,1616000,1401000,846000,705000,575000,564000,697000,854000,864000,967000,1200000,1395000,1771000,1292000,763000,555000,583000,438000,513000,693000,731000,805000,971000,1130000,1143000,1205000,697000,771000,559000
RD,RD21,NANAIMO RD,1103000,1329000,1785000,1841000,2316000,2652000,4350000,5017000,3074000,1924000,1383000,1250000,1164000,1421000,1958000,1993000,2521000,2806000,4494000,5452000,3076000,1959000,1561000,1407000,1268000,1595000,2089000,2175000,2775000,2992000,4542000,5621000,3079000,1944000,1501000,1506000,1300000,1667000,2102000,2196000,2715000,3243000,4725000,6140000,3379000,2208000,1661000,1554000,1343000,1816000,2266000,2324000,2612000,3421000,5395000,5949000,3584000,2397000,1717000,1766000,1510000,1828000,2379000,2462000,3038000,3830000,5331000,6296000,3731000,2263000,1870000,1728000,1469000,1796000,2277000,2636000,2906000,3990000,5755000,6569000,4208000,2526000,2014000,2066000,1776000,1921000,2725000,2759000,3318000,4304000,6401000,7006000,4387000,2933000,2328000,2180000,1908000,2078000,2835000,2693000,3211000,4188000,6156000,7735000,4059000,2948000,2760000,1985000,1729000,2071000,2358000,2651000,3416000,4070000,5801000,7394000,4078000,2774000,2334000,1790000
UC,UC16,NANAIMO UC,701000,812000,935000,985000,1212000,1350000,1468000,1538000,1357000,1066000,849000,722000,726000,859000,1046000,1010000,1290000,1264000,1460000,1693000,1435000,1018000,975000,741000,767000,880000,1000000,1151000,1447000,1363000,1603000,1827000,1424000,1075000,935000,794000,783000,871000,1062000,1027000,1376000,1446000,1655000,1987000,1522000,1130000,949000,858000,773000,967000,1228000,1111000,1182000,1681000,1883000,2080000,1611000,1289000,1137000,972000,889000,996000,1232000,1312000,1670000,1851000,1801000,2088000,1713000,1310000,1192000,969000,884000,1007000,1157000,1338000,1476000,1984000,2108000,2211000,1884000,1336000,1291000,1229000,1159000,1238000,1713000,1470000,1758000,2129000,2336000,2473000,2101000,1568000,1402000,1350000,1202000,1346000,1600000,1507000,1613000,1949000,2187000,3008000,2060000,1507000,1740000,1190000,867000,1341000,1381000,1259000,1791000,1848000,1826000,2589000,1787000,1393000,1522000,987000
UC,UC9921,REST OF NANAIMO RD,402000,517000,851000,856000,1104000,1302000,2881000,3479000,1717000,858000,534000,528000,439000,562000,912000,983000,1231000,1541000,3033000,3760000,1641000,940000,586000,666000,501000,715000,1089000,1024000,1328000,1630000,2938000,3794000,1655000,869000,566000,712000,517000,796000,1040000,1169000,1339000,1797000,3070000,4152000,1856000,1078000,713000,696000,570000,849000,1038000,1213000,1430000,1740000,3511000,3870000,1973000,1108000,581000,794000,621000,832000,1147000,1150000,1367000,1979000,3529000,4208000,2018000,953000,678000,759000,585000,789000,1119000,1299000,1430000,2006000,3647000,4358000,2324000,1190000,723000,836000,618000,683000,1011000,1289000,1561000,2175000,4066000,4532000,2285000,1366000,925000,830000,706000,732000,1234000,1187000,1597000,2239000,3969000,4727000,1999000,1441000,1019000,795000,862000,730000,977000,1392000,1626000,2222000,3975000,4805000,2292000,1381000,813000,803000
RD,RD23,ALBERNI-CLAYOQUOT RD,731000,899000,1261000,1531000,1998000,2473000,3920000,4432000,2938000,1611000,1152000,817000,788000,1005000,1482000,1756000,2604000,2938000,4394000,4932000,3205000,1739000,1302000,1074000,827000,1100000,1694000,1667000,2195000,3233000,4944000,5718000,3926000,2077000,1471000,1204000,1064000,1440000,1904000,2128000,2578000,3633000,5830000,6714000,4238000,2344000,1617000,1334000,1049000,1601000,1909000,2389000,2852000,4055000,6489000,7714000,4929000,2481000,1884000,1666000,1213000,1815000,2577000,2247000,3289000,4239000,7335000,8277000,4985000,2744000,1866000,1889000,1340000,1994000,2711000,2551000,3428000,4284000,7731000,8545000,4577000,2880000,1954000,1916000,1538000,1908000,2714000,2911000,3877000,5230000,8669000,9195000,6006000,3451000,2373000,1995000,1595000,2025000,2790000,2524000,3885000,5282000,8463000,9280000,5754000,3270000,2225000,1766000,1299000,1817000,2508000,2662000,3694000,4795000,7990000,9338000,5491000,3347000,2293000,1869000
UC,UC13,PORT ALBERNI UC,169000,0,0,0,305000,350000,393000,442000,367000,0,0,125000,0,0,225000,233000,255000,413000,383000,466000,416000,0,0,135000,0,0,0,209000,283000,396000,398000,470000,452000,225000,0,152000,0,189000,0,195000,200000,343000,408000,477000,431000,0,0,0,0,0,0,0,248000,415000,456000,510000,508000,0,0,0,0,0,0,0,252000,386000,479000,609000,485000,0,0,0,0,0,0,0,0,405000,592000,686000,489000,0,0,0,0,0,0,0,0,432000,621000,704000,566000,0,0,0,0,0,0,0,0,442000,627000,687000,479000,0,0,0,0,0,0,0,0,342000,575000,584000,421000,0,0,0
UC,UC40,TOFINO UC,478000,640000,941000,1165000,1494000,1753000,2913000,3212000,2244000,1271000,843000,631000,560000,744000,1127000,1356000,2107000,2017000,3245000,3463000,2421000,1406000,989000,785000,627000,857000,1345000,1311000,1656000,2320000,3680000,4141000,2862000,1676000,1171000,932000,823000,1140000,1516000,1727000,2105000,2653000,4449000,4968000,3273000,1933000,1315000,1015000,838000,1282000,1479000,1999000,2318000,2992000,4954000,5708000,3738000,1992000,1525000,1215000,864000,1425000,1972000,1779000,2633000,3093000,5586000,5946000,3654000,2198000,1443000,1537000,1005000,1572000,2074000,2034000,2610000,3107000,5710000,5979000,3107000,2264000,1454000,1377000,1114000,1443000,2078000,2254000,3027000,3985000,6609000,6540000,4425000,2813000,1867000,1500000,1140000,1529000,2124000,1911000,3051000,3972000,6411000,6739000,4310000,2633000,1734000,1210000,883000,1350000,1869000,2004000,2891000,3608000,6056000,6875000,4054000,2648000,1709000,1342000
UC,UC41,UCLUELET UC,0,69000,83000,106000,137000,269000,419000,540000,202000,76000,59000,0,50000,51000,0,111000,174000,368000,571000,671000,227000,84000,98000,0,0,51000,100000,94000,181000,360000,629000,824000,303000,130000,89000,0,0,0,135000,162000,208000,440000,775000,986000,352000,0,90000,98000,58000,93000,136000,151000,218000,472000,891000,1166000,399000,180000,110000,110000,86000,126000,260000,185000,335000,567000,1047000,1369000,486000,201000,134000,130000,111000,127000,226000,253000,369000,616000,1196000,1490000,619000,233000,147000,158000,148000,176000,241000,265000,388000,684000,1221000,1546000,699000,266000,205000,170000,173000,194000,323000,277000,399000,684000,1165000,1485000,813000,261000,180000,169000,124000,210000,281000,299000,408000,661000,1166000,1561000,901000,394000,334000,259000
UC,UC9923,REST OF ALBERNI-CLAYOQUOT RD,0,0,0,0,61000,101000,195000,237000,125000,0,0,0,0,0,0,56000,67000,139000,195000,332000,141000,0,0,0,0,0,0,53000,75000,157000,237000,282000,308000,46000,0,0,0,0,0,43000,66000,196000,197000,283000,183000,0,0,0,0,0,0,0,68000,176000,188000,330000,283000,0,0,0,0,0,0,0,69000,194000,224000,354000,361000,0,0,0,0,0,0,0,0,156000,233000,391000,362000,0,0,0,0,0,0,0,0,128000,218000,405000,317000,0,0,0,0,0,0,0,0,185000,260000,369000,152000,0,0,0,0,0,0,0,0,184000,193000,318000,115000,0,0,0
RD,RD25+26,COMOX+STRATHCONA RD,1016000,1226000,1598000,1386000,1791000,2388000,3939000,4066000,3020000,1636000,1039000,1267000,1127000,1222000,1636000,1450000,2135000,2623000,3830000,4440000,3038000,1640000,1143000,1317000,1170000,1363000,1917000,1718000,2486000,2519000,3799000,4528000,3206000,1714000,1239000,1384000,1304000,1513000,1961000,1749000,2496000,2658000,4216000,4843000,3362000,1825000,1267000,1791000,1417000,1662000,1961000,1844000,2484000,2911000,4553000,5099000,3589000,1930000,1240000,1802000,1235000,1253000,1670000,1834000,2801000,3376000,4661000,5265000,3742000,1992000,1441000,1706000,1563000,1764000,2128000,1908000,2897000,3601000,4997000,5875000,4170000,2191000,1571000,2177000,2012000,2053000,2529000,2621000,3003000,4176000,5384000,6178000,4636000,2396000,1651000,2342000,2025000,2222000,2521000,2207000,3121000,3979000,5331000,6254000,3931000,2335000,1491000,1877000,1724000,1706000,1886000,1764000,2592000,3323000,4805000,5581000,3770000,2198000,1419000,2030000
UC,UC25,COMOX VALLEY UC,394000,456000,583000,529000,687000,674000,965000,1072000,765000,578000,447000,469000,436000,482000,706000,613000,890000,805000,1098000,1242000,935000,686000,606000,573000,467000,582000,792000,748000,934000,879000,1043000,1298000,877000,732000,627000,591000,550000,662000,859000,817000,1109000,952000,1227000,1471000,1027000,808000,702000,718000,582000,713000,908000,831000,950000,968000,1393000,1497000,1168000,846000,672000,655000,547000,640000,855000,902000,1196000,1086000,1382000,1507000,1250000,864000,781000,647000,668000,777000,984000,890000,1300000,1231000,1456000,1606000,1254000,930000,772000,883000,777000,826000,1068000,1371000,1392000,1310000,1613000,1791000,1727000,1053000,871000,969000,854000,1064000,1166000,1056000,1487000,1381000,1783000,1892000,1295000,1048000,879000,811000,834000,799000,972000,988000,1228000,1245000,1853000,1977000,1360000,1024000,802000,1003000
UC,UC39,CAMPBELL RIVER UC,390000,463000,603000,701000,778000,1175000,1575000,1645000,1312000,749000,498000,441000,421000,426000,537000,642000,923000,1135000,1518000,1828000,1177000,754000,482000,416000,405000,425000,695000,806000,1186000,1070000,1524000,1806000,1323000,800000,507000,406000,412000,523000,663000,671000,1016000,1060000,1586000,1841000,1444000,779000,460000,435000,499000,556000,647000,810000,1114000,1192000,1689000,1857000,1461000,747000,475000,466000,416000,481000,649000,744000,1097000,1237000,1721000,1866000,1494000,719000,561000,495000,494000,513000,604000,750000,1036000,1356000,1820000,2158000,1657000,898000,703000,593000,731000,689000,805000,920000,1149000,1549000,1915000,2194000,1621000,813000,644000,579000,619000,603000,680000,821000,1145000,1413000,1883000,2095000,1438000,777000,519000,460000,509000,521000,479000,530000,984000,1001000,1495000,1748000,1438000,790000,515000,420000
UC,UC9925+26,REST OF COMOX+STRATHCONA RD,233000,306000,413000,155000,326000,540000,1399000,1350000,943000,308000,93000,357000,270000,314000,394000,195000,322000,684000,1215000,1370000,926000,200000,56000,328000,298000,355000,430000,164000,365000,570000,1232000,1424000,1006000,182000,104000,386000,342000,328000,439000,261000,372000,647000,1402000,1531000,892000,238000,104000,637000,336000,393000,407000,203000,420000,751000,1471000,1744000,960000,337000,94000,680000,272000,132000,166000,188000,508000,1053000,1558000,1891000,998000,409000,99000,564000,400000,474000,540000,268000,562000,1013000,1721000,2110000,1260000,363000,95000,700000,504000,538000,656000,330000,461000,1318000,1856000,2193000,1288000,530000,137000,795000,552000,555000,675000,330000,489000,1185000,1665000,2267000,1198000,510000,94000,605000,381000,386000,434000,246000,379000,1077000,1457000,1856000,973000,385000,102000,607000
RD,RD27,POWELL RIVER RD,0,0,260000,0,0,360000,484000,457000,0,0,0,254000,0,172000,266000,0,0,546000,485000,461000,415000,0,0,220000,0,158000,187000,250000,275000,354000,552000,438000,405000,0,173000,210000,0,157000,236000,211000,278000,394000,422000,412000,409000,0,0,0,0,162000,200000,0,0,455000,606000,505000,498000,0,227000,178000,0,193000,0,0,315000,462000,486000,604000,641000,0,227000,231000,189000,228000,0,307000,0,504000,551000,549000,765000,0,0,239000,0,234000,342000,242000,0,536000,615000,766000,739000,321000,306000,201000,240000,207000,336000,341000,0,572000,768000,661000,783000,0,0,0,276000,224000,345000,258000,0,451000,536000,569000,675000,0,299000,0
RD,RD43,MOUNT WADDINGTON RD,167000,179000,0,192000,445000,702000,912000,1028000,894000,379000,228000,0,180000,0,0,278000,419000,717000,970000,1070000,813000,263000,198000,0,0,0,0,0,0,709000,900000,1073000,755000,241000,0,0,201000,0,0,0,386000,749000,982000,1189000,935000,267000,198000,219000,0,0,0,196000,446000,789000,1007000,1264000,909000,276000,0,0,158000,0,225000,208000,399000,840000,1080000,1321000,1084000,256000,0,0,0,0,307000,0,462000,804000,1190000,1409000,1158000,408000,266000,0,0,0,0,0,544000,908000,1295000,1610000,1285000,511000,0,0,0,0,0,0,533000,950000,1375000,1652000,1290000,515000,320000,187000,0,0,0,0,450000,771000,1143000,1546000,1213000,340000,0,200000
RD,RD45,CENTRAL COAST RD,0,0,0,0,0,236000,363000,374000,0,0,0,0,0,0,0,0,0,236000,281000,408000,196000,0,0,0,0,0,0,0,0,368000,245000,324000,169000,0,0,0,0,0,0,0,221000,286000,353000,441000,235000,0,0,0,0,0,0,0,0,351000,354000,413000,243000,0,0,0,0,0,0,0,322000,307000,380000,388000,381000,0,0,0,0,0,0,0,0,312000,346000,406000,284000,0,0,0,0,0,0,0,0,343000,349000,449000,263000,208000,0,0,0,0,0,0,0,335000,198000,377000,297000,0,0,0,0,0,0,0,0,134000,202000,328000,245000,0,0,0
DR,DR02,MAINLAND/SOUTHWEST DR,54759000,63848000,77976000,63193000,68872000,81991000,94033000,98679000,88037000,57393000,45717000,57946000,64958000,70398000,85395000,64259000,69766000,81131000,100529000,104894000,72494000,48576000,42278000,55352000,56611000,68989000,80873000,63541000,67626000,82666000,96497000,105508000,76317000,55991000,42313000,59509000,62448000,72581000,73712000,56159000,65050000,70338000,86952000,101704000,73660000,53199000,42008000,58763000,59847000,68760000,74767000,64007000,72234000,81933000,98569000,102580000,82883000,55892000,43890000,64812000,61446000,68945000,73266000,61096000,74049000,85063000,100522000,108798000,92581000,61594000,55230000,67534000,65101000,69849000,80005000,66013000,83308000,99222000,111461000,111509000,93376000,67851000,55428000,70036000,72502000,79755000,90030000,72373000,88995000,102540000,109894000,119305000,99553000,73549000,58024000,78129000,79669000,87759000,93294000,74798000,93005000,106016000,112388000,119474000,94046000,71664000,54799000,70717000,69122000,75163000,77042000,66311000,76276000,84333000,96152000,106066000,86596000,64353000,53902000,64792000
RD,RD09,FRASER VALLEY RD,1365000,1756000,2218000,2226000,2689000,2699000,3597000,4196000,3357000,2247000,1758000,1912000,1607000,1723000,2254000,2239000,2707000,2768000,3764000,4589000,3314000,2504000,2484000,2002000,1777000,2028000,2721000,2442000,2997000,2858000,4017000,4459000,3749000,2683000,2039000,2363000,1737000,2133000,2668000,2561000,2896000,3073000,3567000,4733000,3860000,2894000,1826000,2495000,1927000,2221000,2794000,2706000,3047000,3252000,4143000,4765000,4129000,3147000,2229000,2765000,1839000,2361000,3097000,2702000,3075000,3682000,4882000,5006000,4463000,3439000,2469000,2581000,2025000,2574000,3074000,3021000,3462000,3736000,4781000,5522000,4977000,3500000,2836000,2733000,2197000,2684000,3513000,3119000,3873000,4080000,4935000,5781000,4960000,3607000,2864000,3057000,2654000,3117000,4041000,3094000,3979000,4141000,4872000,6002000,4588000,3763000,2777000,2639000,2467000,2820000,3350000,3056000,3671000,3587000,4524000,5406000,4377000,3470000,2997000,3161000
UC,UC35,ABBOTSFORD/MISSION UC,368000,413000,676000,648000,835000,778000,901000,1055000,903000,676000,539000,596000,431000,479000,761000,711000,805000,695000,876000,1124000,728000,698000,1029000,483000,494000,542000,804000,761000,811000,755000,966000,1092000,795000,757000,573000,509000,551000,607000,800000,850000,854000,821000,858000,1136000,859000,874000,663000,603000,682000,673000,970000,940000,923000,806000,1068000,1078000,996000,923000,712000,613000,626000,666000,983000,907000,896000,835000,1229000,1287000,1103000,951000,758000,601000,730000,796000,1012000,939000,961000,1023000,1236000,1331000,1239000,1001000,918000,660000,740000,782000,1097000,1003000,1159000,1176000,1370000,1387000,1190000,1136000,954000,872000,952000,1040000,1391000,1169000,1331000,1193000,1344000,1628000,1184000,1288000,1010000,656000,853000,962000,1188000,1016000,1234000,1033000,1278000,1447000,1233000,1212000,981000,711000
UC,UC36,HOPE UC,79000,112000,180000,196000,277000,319000,503000,627000,421000,217000,148000,125000,95000,139000,210000,196000,303000,352000,527000,660000,408000,231000,157000,116000,107000,142000,172000,171000,295000,336000,522000,703000,434000,247000,144000,127000,99000,104000,168000,193000,258000,332000,556000,658000,440000,249000,143000,120000,104000,106000,153000,180000,274000,369000,621000,693000,493000,271000,157000,139000,96000,149000,287000,228000,286000,382000,640000,577000,456000,264000,148000,141000,105000,161000,230000,213000,302000,399000,679000,706000,493000,276000,200000,193000,138000,146000,215000,215000,377000,421000,677000,777000,529000,317000,197000,190000,144000,173000,245000,219000,366000,449000,641000,735000,479000,283000,141000,175000,135000,142000,191000,246000,320000,396000,611000,749000,467000,284000,191000,139000
UC,UC9909,REST OF FRASER VALLEY RD,919000,1232000,1363000,1382000,1577000,1602000,2193000,2514000,2034000,1354000,1071000,1191000,1081000,1104000,1283000,1333000,1599000,1721000,2361000,2805000,2177000,1575000,1298000,1403000,1177000,1344000,1746000,1511000,1890000,1768000,2529000,2664000,2520000,1679000,1322000,1727000,1087000,1422000,1701000,1517000,1783000,1920000,2153000,2939000,2561000,1772000,1020000,1772000,1141000,1443000,1671000,1586000,1850000,2077000,2455000,2994000,2639000,1953000,1359000,2013000,1116000,1546000,1828000,1566000,1893000,2465000,3012000,3143000,2903000,2225000,1562000,1839000,1191000,1616000,1831000,1869000,2198000,2314000,2866000,3485000,3245000,2223000,1719000,1880000,1319000,1755000,2201000,1902000,2337000,2483000,2889000,3616000,3241000,2153000,1713000,1996000,1559000,1903000,2404000,1705000,2282000,2498000,2887000,3640000,2925000,2191000,1626000,1808000,1479000,1716000,1970000,1794000,2117000,2158000,2635000,3210000,2678000,1974000,1825000,2311000
RD,RD15,GREATER VANCOUVER RD,28188000,32596000,43381000,42868000,59366000,71034000,77111000,80772000,75422000,51226000,38340000,29140000,29966000,35353000,46860000,43184000,59964000,69109000,82668000,86328000,62267000,42241000,34806000,27465000,27231000,31653000,38548000,42958000,58565000,70653000,79670000,87208000,64196000,49027000,35598000,28603000,29354000,33043000,38493000,37643000,56552000,60957000,71006000,83655000,63066000,46443000,35987000,28862000,30318000,35474000,45020000,45237000,62629000,70253000,81448000,83794000,70613000,48722000,37318000,32397000,31761000,37807000,43492000,48326000,64907000,72633000,83024000,90324000,78810000,53432000,47865000,37538000,38012000,40381000,51294000,48752000,73721000,85182000,90829000,91467000,78860000,58439000,47400000,37674000,39965000,44260000,53325000,51251000,77967000,88106000,89375000,97153000,83166000,64046000,49232000,41837000,44093000,50119000,54836000,58381000,80856000,90358000,91615000,98456000,79112000,61231000,46991000,37897000,39160000,45279000,50103000,49135000,65778000,70115000,78485000,84575000,72464000,54642000,45343000,36195000
UC,UC01,DOWNTOWN VANCOUVER UC,16613000,18958000,27721000,27746000,38474000,47880000,50939000,53140000,51195000,34295000,23851000,16813000,17560000,21218000,29758000,27217000,39026000,46567000,55970000,56430000,40261000,27561000,21590000,16203000,15172000,18267000,23175000,27504000,38268000,47448000,52565000,57665000,42419000,32725000,22025000,16722000,16880000,19600000,23300000,23498000,37880000,41161000,45791000,54965000,42646000,30737000,22130000,16803000,17581000,21322000,29139000,29478000,42219000,47768000,53353000,55252000,47269000,31561000,22387000,19458000,18485000,23383000,26745000,31542000,43026000,47837000,53105000,59482000,52727000,34944000,30624000,22260000,22657000,24173000,31593000,30662000,49004000,56372000,58566000,57430000,51524000,37616000,28229000,21797000,23151000,26302000,31953000,31558000,49767000,57650000,54861000,60746000,52845000,40228000,28721000,24184000,25241000,29600000,31813000,35727000,50280000,57696000,55865000,60363000,50694000,37657000,27368000,20572000,21432000,26756000,28611000,29981000,41586000,46077000,48590000,52109000,45927000,32438000,26575000,19796000
UC,UC02,OTHER VANCOUVER UC,1499000,1622000,2082000,2141000,3364000,4096000,4307000,4846000,4502000,2557000,2122000,1651000,1645000,1823000,2426000,2291000,3439000,3902000,4744000,5529000,4150000,2276000,1975000,1593000,1702000,1842000,2147000,2232000,3461000,4212000,4873000,5615000,4017000,2282000,1926000,1668000,1595000,1910000,2025000,1979000,3088000,3319000,4375000,5170000,3718000,2159000,1849000,1502000,1423000,2097000,1931000,2145000,3194000,3724000,4507000,4830000,4242000,2353000,1926000,1715000,1664000,1989000,2255000,2341000,3592000,4270000,4952000,5426000,4983000,2614000,2360000,2387000,1982000,2019000,2504000,2545000,4087000,5082000,5558000,5862000,5119000,2927000,2615000,2109000,2027000,2278000,2764000,2710000,4727000,5573000,5835000,6251000,5448000,3109000,2564000,2190000,2280000,2618000,2936000,2878000,4824000,5594000,5831000,6260000,4805000,3310000,2446000,2007000,2065000,2307000,2616000,2545000,3751000,3810000,4559000,5400000,4453000,2937000,2124000,1881000
UC,UC24,RICHMOND UC,5340000,6455000,6827000,6565000,8555000,9748000,10448000,10953000,9740000,7100000,5892000,5635000,5565000,6524000,7266000,6723000,8536000,9391000,10459000,11451000,9306000,6074000,5582000,4788000,5690000,6052000,6567000,6378000,7950000,9381000,10463000,11160000,9287000,7106000,5841000,5200000,6043000,6074000,6548000,5772000,7109000,7980000,10007000,11611000,8581000,6645000,6000000,5418000,6355000,6549000,6985000,6361000,8244000,9199000,11297000,11512000,9864000,7338000,6802000,5877000,6486000,6585000,7242000,7273000,9162000,10334000,12144000,12690000,11498000,8151000,7804000,6994000,7370000,7651000,8704000,7858000,10356000,11993000,12762000,13954000,11780000,9486000,8958000,7080000,8111000,8540000,9662000,8325000,11774000,12480000,13431000,14252000,12859000,10921000,9645000,8304000,9189000,9891000,10403000,10013000,12770000,13697000,13702000,15787000,12223000,10613000,9085000,8633000,8981000,8946000,9732000,8216000,9551000,9676000,11382000,12657000,11235000,9691000,8594000,7858000
UC,UC26,BURNABY UC,1329000,1681000,1996000,1980000,2658000,2581000,3112000,3124000,2877000,2151000,2063000,1369000,1667000,1810000,2187000,2079000,2652000,2527000,2951000,3321000,2492000,1820000,1768000,1320000,1416000,1628000,1809000,2085000,2576000,2400000,3005000,3233000,2427000,1980000,1739000,1297000,0,1619000,1817000,1794000,2332000,2278000,2835000,3158000,2347000,1890000,1760000,0,0,0,0,2589000,2478000,2645000,3129000,3247000,2644000,2065000,1765000,0,1424000,1625000,1903000,2047000,2306000,2443000,3286000,3287000,2187000,1998000,1855000,1445000,1613000,1718000,2223000,0,0,0,0,0,0,0,0,0,0,0,0,0,0,0,0,0,0,0,0,0,0,0,0,0,0,3242000,0,0,3003000,0,0,1565000,0,0,2337000,2197000,2668000,2737000,3337000,3760000,3011000,2667000,2294000,1938000
UC,UC9915,REST OF GREATER VANCOUVER RD,3407000,3880000,4755000,4436000,6316000,6730000,8305000,8709000,7108000,5122000,4411000,3673000,3531000,3977000,5224000,4874000,6311000,6723000,8543000,9596000,6058000,4510000,3890000,3561000,3251000,3863000,4849000,4760000,6310000,7211000,8763000,9534000,6046000,4934000,4068000,3716000,0,3841000,4803000,4601000,6144000,6218000,7998000,8751000,5774000,5012000,4248000,0,0,0,0,4665000,6494000,6917000,9161000,8953000,6595000,5405000,4438000,0,3702000,4225000,5347000,5123000,6822000,7748000,9538000,9439000,7415000,5725000,5222000,4451000,4390000,4819000,6272000,0,0,0,0,0,0,0,0,0,0,0,0,0,0,0,0,0,0,0,0,0,0,0,0,0,0,10130000,0,0,8387000,0,0,5121000,0,0,6806000,6196000,8221000,7815000,10617000,10648000,7837000,6909000,5755000,4723000
RD,RD29,SUNSHINE COAST RD,112000,150000,197000,231000,259000,278000,535000,638000,402000,304000,218000,139000,106000,139000,218000,272000,298000,339000,572000,676000,412000,248000,254000,164000,129000,143000,210000,238000,315000,375000,578000,740000,457000,290000,228000,154000,156000,148000,216000,254000,288000,358000,624000,817000,515000,267000,175000,133000,166000,181000,237000,274000,348000,376000,712000,788000,490000,300000,190000,138000,140000,188000,254000,330000,402000,478000,791000,868000,589000,291000,230000,213000,208000,222000,355000,343000,458000,560000,812000,949000,779000,416000,398000,242000,270000,276000,475000,384000,521000,676000,982000,1161000,793000,430000,326000,250000,248000,274000,401000,342000,562000,723000,1054000,1247000,890000,508000,340000,359000,213000,250000,425000,433000,592000,881000,1190000,1394000,1061000,519000,373000,401000
RD,RD31,SQUAMISH-LILLOOET RD,25094000,29347000,32180000,17868000,6556000,7980000,12790000,13073000,8856000,3617000,5401000,26755000,33278000,33184000,36063000,18563000,6797000,8915000,13525000,13300000,6501000,3584000,4734000,25720000,27473000,35165000,39393000,17903000,5749000,8780000,12232000,13101000,7915000,3990000,4447000,28389000,31201000,37258000,32336000,15701000,5313000,5949000,11755000,12499000,6219000,3595000,4020000,27274000,27436000,30885000,26717000,15791000,6210000,8052000,12265000,13233000,7650000,3724000,4153000,29512000,27706000,28589000,26423000,9739000,5665000,8269000,11825000,12601000,8719000,4432000,4667000,27203000,24856000,26673000,25281000,13898000,5667000,9744000,15040000,13571000,8761000,5495000,4793000,29387000,30070000,32536000,32717000,17619000,6634000,9678000,14602000,15210000,10634000,5466000,5601000,32985000,32674000,34249000,34015000,12981000,7607000,10795000,14846000,13768000,9456000,6161000,4692000,29821000,27281000,26814000,23165000,13686000,6235000,9749000,11954000,14691000,8694000,5722000,5189000,25036000
UC,UC20,WHISTLER UC,24707000,28880000,31609000,17414000,6076000,7483000,12206000,12443000,8335000,3304000,5198000,26494000,32804000,32716000,35502000,18129000,6214000,8376000,12811000,12511000,5795000,3158000,4471000,25372000,27065000,34733000,38894000,17571000,5366000,8255000,11540000,12372000,7361000,3542000,3944000,27984000,30777000,36801000,31808000,15186000,4892000,5401000,10998000,11703000,5669000,3053000,3667000,26863000,27070000,30436000,26297000,15365000,5741000,7385000,11372000,12408000,7005000,3259000,3873000,29122000,27389000,27860000,25936000,9253000,5099000,7619000,10942000,11600000,7964000,3910000,4239000,26747000,24388000,26145000,24674000,13365000,5144000,9089000,14078000,12463000,7813000,4759000,4215000,28784000,29578000,31859000,31970000,16894000,5891000,8813000,13388000,13990000,9626000,4576000,5016000,32218000,31837000,33336000,33106000,12265000,6763000,9923000,13542000,12619000,7979000,5310000,4148000,29229000,26460000,26008000,21979000,12941000,5480000,8713000,10791000,13255000,7602000,4934000,4649000,24478000
UC,US9931,REST OF SQUAMISH-LILLOOET RD,387000,467000,571000,454000,480000,498000,584000,630000,521000,313000,202000,261000,474000,468000,561000,434000,583000,539000,714000,789000,706000,426000,263000,348000,408000,432000,500000,332000,383000,525000,692000,728000,555000,448000,504000,405000,424000,456000,527000,515000,421000,547000,757000,796000,551000,542000,353000,411000,366000,449000,420000,425000,469000,667000,894000,825000,645000,464000,281000,390000,318000,729000,487000,486000,565000,650000,882000,1001000,756000,522000,428000,456000,468000,527000,607000,534000,523000,655000,962000,1108000,947000,736000,579000,603000,493000,676000,747000,725000,743000,865000,1214000,1220000,1008000,889000,586000,767000,837000,913000,910000,716000,844000,872000,1304000,1149000,1478000,851000,543000,592000,821000,806000,1185000,746000,755000,1037000,1163000,1436000,1092000,789000,539000,558000
DR,DR03,THOMPSON/OKANAGAN DR,7522000,9064000,10734000,9674000,13433000,17616000,28572000,32480000,21017000,11177000,6837000,7975000,8027000,9437000,11246000,10013000,14408000,18766000,30097000,33779000,19782000,11276000,6849000,8616000,9140000,10755000,12235000,10247000,14968000,19839000,31927000,37013000,20643000,13130000,7297000,9236000,10579000,11845000,12571000,11132000,15822000,20933000,32336000,36546000,19514000,13388000,7781000,10313000,11173000,13177000,14119000,12074000,17752000,21671000,37412000,36705000,23267000,13693000,8275000,11040000,11510000,14107000,15417000,12791000,19239000,23384000,38938000,39758000,24707000,14402000,9852000,12540000,12280000,14471000,16533000,14273000,21090000,25688000,40615000,45973000,27534000,16905000,10635000,13732000,14974000,16675000,19634000,16071000,24007000,30352000,45020000,51631000,30253000,17616000,11901000,15218000,15692000,17280000,20362000,16116000,24660000,32339000,44203000,54978000,29077000,18439000,11894000,13623000,14598000,16018000,17407000,14945000,20797000,27473000,42785000,47342000,26909000,16043000,10281000,13106000
RD,RD07,OKANAGAN-SIMILKAMEEN RD,825000,966000,1227000,1274000,2037000,2653000,6078000,7548000,3232000,1678000,876000,924000,925000,1047000,1418000,1340000,2257000,2973000,6724000,8201000,3173000,1788000,874000,1007000,1028000,1224000,1376000,1504000,2626000,3709000,7517000,9397000,3620000,2025000,1001000,1055000,1112000,1313000,1498000,1683000,2765000,4129000,8057000,9414000,3091000,2157000,1098000,1209000,1360000,1410000,1736000,1903000,2849000,3871000,8910000,9578000,4052000,2231000,1254000,1137000,1226000,1293000,1884000,1940000,2974000,4241000,9503000,10537000,4431000,2312000,1223000,1466000,1379000,1760000,2221000,2161000,3466000,4610000,9787000,12537000,4664000,2713000,1680000,1452000,1442000,1727000,2527000,2565000,4061000,5978000,10909000,13849000,5671000,2859000,1649000,1496000,1431000,1763000,2515000,2348000,4214000,6302000,11055000,15333000,5622000,3207000,1878000,1377000,1317000,1546000,2234000,2234000,3977000,5896000,11249000,14048000,5400000,2757000,1665000,1280000
UC,UC18,PENTICTON UC,408000,510000,667000,676000,1107000,1362000,2930000,3978000,1605000,999000,521000,448000,470000,561000,805000,795000,1299000,1556000,3494000,4427000,1648000,1165000,466000,542000,538000,644000,751000,812000,1522000,2025000,3992000,5029000,1773000,1206000,573000,490000,509000,620000,691000,1010000,1613000,2266000,4193000,5208000,1495000,1360000,598000,591000,608000,682000,965000,1069000,1644000,2055000,4643000,5213000,2137000,1403000,638000,526000,628000,668000,983000,1140000,1591000,2265000,5016000,5714000,2193000,1372000,680000,679000,601000,806000,1139000,1154000,1869000,2395000,5036000,6316000,2303000,1659000,945000,761000,754000,924000,1242000,1580000,2176000,3173000,5395000,6664000,2815000,1697000,798000,747000,735000,990000,1286000,1500000,2135000,3139000,5411000,6731000,2849000,1894000,859000,725000,698000,792000,1209000,1307000,1906000,2847000,5009000,6250000,2420000,1462000,767000,652000
UC,UC33,OSOYOOS UC,91000,93000,183000,270000,430000,546000,1840000,2093000,721000,307000,138000,72000,107000,100000,210000,255000,453000,649000,1842000,2127000,661000,241000,185000,102000,123000,140000,254000,359000,540000,775000,2109000,2468000,740000,326000,164000,111000,145000,148000,276000,307000,540000,825000,2205000,2363000,683000,300000,162000,127000,174000,188000,259000,413000,563000,784000,2349000,2467000,860000,304000,187000,130000,184000,162000,440000,375000,642000,873000,2504000,2786000,1064000,396000,166000,128000,217000,187000,393000,519000,680000,1105000,2700000,3307000,1216000,466000,250000,102000,232000,207000,454000,492000,918000,1478000,3372000,3759000,1566000,526000,246000,165000,202000,188000,457000,483000,1073000,1817000,3657000,4817000,1523000,686000,264000,158000,174000,174000,408000,540000,1022000,1819000,4344000,4481000,1675000,625000,228000,192000
UC,UC34,OLIVER/OKANAGAN FALLS UC,0,0,48000,77000,134000,214000,476000,454000,180000,79000,0,22000,0,0,43000,73000,142000,207000,448000,485000,216000,88000,0,22000,20000,23000,49000,76000,149000,278000,432000,453000,354000,88000,31000,32000,32000,25000,48000,90000,173000,302000,565000,550000,350000,107000,25000,40000,31000,29000,47000,100000,193000,314000,743000,567000,223000,126000,36000,30000,30000,38000,97000,122000,259000,352000,705000,663000,305000,130000,36000,29000,48000,37000,47000,143000,228000,330000,785000,770000,286000,141000,38000,37000,32000,41000,73000,148000,239000,469000,855000,937000,412000,212000,68000,59000,53000,50000,93000,110000,257000,482000,785000,879000,372000,173000,74000,40000,31000,36000,70000,110000,196000,411000,693000,708000,518000,216000,50000,118000
UC,UC9907,REST OF OKANAGAN-SIMILKAMEEN RD,0,0,329000,251000,366000,532000,832000,1023000,726000,292000,0,383000,0,0,360000,217000,364000,561000,940000,1162000,648000,294000,0,341000,346000,417000,321000,258000,416000,631000,984000,1447000,753000,405000,234000,421000,426000,520000,484000,276000,439000,737000,1094000,1294000,563000,391000,314000,451000,547000,511000,466000,320000,449000,718000,1175000,1331000,832000,398000,392000,450000,384000,426000,364000,303000,482000,752000,1277000,1374000,869000,415000,339000,630000,513000,731000,641000,344000,690000,780000,1266000,2144000,859000,447000,448000,551000,425000,555000,758000,344000,728000,858000,1287000,2489000,878000,423000,538000,525000,441000,535000,679000,255000,749000,865000,1203000,2907000,878000,453000,681000,454000,413000,543000,548000,278000,852000,818000,1202000,2609000,787000,454000,619000,318000
RD,RD33,THOMPSON-NICOLA RD,2331000,3159000,3701000,2915000,4234000,5210000,6772000,7412000,5872000,3135000,1858000,2791000,2520000,3307000,3759000,2985000,4484000,5294000,6963000,7273000,5444000,3080000,1840000,2919000,2718000,3351000,3794000,2882000,4183000,4883000,6876000,7095000,5341000,3696000,1886000,3240000,3584000,4086000,4301000,3289000,4670000,5264000,6985000,6873000,5198000,3585000,2067000,3635000,3713000,4764000,4986000,3420000,5385000,6489000,8289000,7410000,5851000,3632000,2272000,3845000,3940000,4893000,4870000,3611000,5591000,6442000,8101000,7935000,6522000,4073000,2782000,4272000,4279000,4894000,5521000,4048000,6364000,6465000,8407000,9067000,6946000,4531000,2774000,4595000,4844000,5392000,5912000,4375000,6835000,7208000,8528000,9544000,7296000,4643000,3349000,4801000,4875000,5180000,6113000,4458000,6895000,7761000,9532000,9972000,7788000,4988000,3157000,4223000,4443000,4589000,4831000,4100000,5486000,6657000,8613000,8711000,6796000,4081000,2726000,3883000
UC,UC06,KAMLOOPS UC,968000,1217000,1649000,1947000,2879000,3255000,3980000,4459000,3482000,2111000,1308000,1130000,1056000,1314000,1721000,2126000,3127000,3310000,4121000,4227000,3194000,2056000,1269000,1182000,1039000,1155000,1901000,1966000,2859000,2912000,4146000,4213000,3227000,2534000,1316000,1291000,1306000,1371000,1758000,2297000,3411000,3094000,4002000,4588000,3211000,2384000,1442000,1379000,1334000,1432000,2192000,2387000,3666000,4348000,5248000,4488000,3643000,2411000,1684000,1445000,1233000,1447000,2241000,2601000,3770000,3965000,4961000,4787000,3917000,2703000,1854000,1823000,1527000,1639000,2538000,2856000,4278000,3950000,5019000,5528000,4119000,2954000,1880000,1795000,1707000,1908000,2746000,2993000,4621000,4366000,5227000,5757000,4221000,3193000,2290000,1869000,1768000,1890000,2855000,3223000,4705000,4822000,5999000,6150000,4545000,3342000,2236000,1792000,1702000,1828000,2212000,2903000,3695000,4263000,5446000,5136000,4118000,2697000,1851000,1514000
UC,UC37,CACHE CREEK UC,33000,50000,62000,87000,98000,187000,219000,237000,184000,112000,64000,46000,43000,52000,60000,79000,126000,190000,220000,255000,176000,115000,65000,54000,41000,46000,65000,75000,109000,205000,224000,249000,170000,126000,85000,69000,45000,52000,66000,94000,123000,237000,247000,284000,211000,120000,67000,50000,42000,55000,58000,79000,116000,215000,282000,257000,171000,105000,65000,47000,45000,48000,73000,64000,113000,215000,223000,203000,230000,135000,85000,80000,41000,50000,81000,83000,128000,230000,277000,242000,297000,192000,93000,81000,115000,82000,120000,188000,179000,275000,312000,313000,280000,212000,112000,83000,0,0,103000,134000,189000,254000,311000,305000,324000,202000,0,65000,0,0,87000,0,180000,262000,271000,306000,306000,0,0,78000
UC,UC9933,REST OF THOMPSON-NICOLA RD,1330000,1893000,1990000,881000,1257000,1768000,2573000,2716000,2206000,912000,486000,1616000,1421000,1941000,1977000,780000,1231000,1795000,2622000,2791000,2074000,909000,506000,1684000,1637000,2151000,1828000,841000,1215000,1766000,2505000,2634000,1945000,1036000,485000,1880000,2234000,2663000,2477000,898000,1135000,1934000,2736000,2000000,1777000,1081000,558000,2206000,2337000,3276000,2736000,954000,1603000,1926000,2759000,2665000,2038000,1116000,524000,2353000,2662000,3398000,2556000,946000,1709000,2261000,2917000,2945000,2376000,1235000,843000,2370000,2712000,3206000,2902000,1109000,1958000,2285000,3111000,3297000,2530000,1385000,801000,2718000,3022000,3402000,3046000,1194000,2036000,2567000,2989000,3475000,2795000,1238000,947000,2849000,0,0,3156000,1101000,2001000,2685000,3221000,3517000,2919000,1443000,0,2366000,0,0,2533000,0,1611000,2132000,2895000,3269000,2371000,0,0,2290000
RD,RD35,CENTRAL OKANAGAN RD,1661000,1896000,2489000,3027000,4356000,5297000,7885000,9012000,6225000,3789000,2160000,1763000,1685000,1941000,2749000,3214000,4748000,5946000,8428000,9321000,5983000,3754000,2119000,1853000,1828000,2089000,2901000,3341000,4963000,6159000,9076000,10441000,6524000,4345000,2258000,1715000,1818000,2175000,2724000,3310000,5123000,6360000,8788000,9902000,6071000,4638000,2563000,2180000,2165000,2347000,3094000,3916000,5906000,6232000,10433000,10178000,7422000,4642000,2619000,2273000,2216000,2713000,3423000,4073000,6003000,7141000,11030000,11159000,7510000,4688000,3243000,2479000,2553000,2826000,3417000,4634000,6551000,8251000,11112000,12264000,8570000,5446000,3319000,2863000,3059000,3286000,4427000,5097000,7149000,9815000,13560000,14818000,9349000,5819000,3719000,2994000,3253000,3345000,4367000,5404000,8228000,10414000,12325000,15903000,8430000,6180000,4056000,2696000,2836000,3155000,3931000,4915000,6849000,8299000,11678000,12428000,7528000,5647000,2950000,2398000
UC,UC07,KELOWNA UC,1546000,1758000,2267000,2743000,3922000,4676000,6324000,7277000,5367000,3410000,2019000,1621000,1552000,1794000,2541000,2913000,4285000,5261000,6820000,7470000,5242000,3352000,1974000,1705000,1675000,1933000,2696000,3073000,4439000,5397000,7270000,8385000,5752000,3898000,2100000,1577000,1672000,0,0,3053000,4697000,5587000,7026000,8101000,5394000,4265000,2391000,0,1882000,2190000,0,3561000,5357000,5439000,8707000,8483000,6574000,4176000,0,0,1991000,0,0,0,5562000,6300000,9370000,9545000,6683000,4257000,3085000,0,2271000,0,0,0,6009000,7287000,9350000,10313000,7473000,4738000,3085000,2638000,2748000,0,4085000,4556000,6368000,8446000,11081000,11878000,8047000,0,3400000,0,2806000,0,3888000,0,7110000,8763000,9864000,12576000,7195000,5438000,3579000,2448000,2467000,2857000,3556000,4312000,5965000,6884000,9114000,9870000,6391000,4911000,2592000,2121000
UC,UC9935,REST OF CENTRAL OKANAGAN RD,115000,138000,223000,284000,434000,621000,1561000,1734000,858000,380000,141000,141000,134000,147000,207000,301000,462000,685000,1608000,1851000,741000,401000,145000,148000,153000,155000,206000,268000,524000,761000,1806000,2056000,772000,447000,158000,139000,146000,0,0,257000,426000,772000,1763000,1801000,677000,372000,172000,0,283000,157000,0,356000,550000,794000,1725000,1694000,848000,466000,0,0,225000,0,0,0,441000,842000,1660000,1614000,827000,432000,158000,0,282000,0,0,0,541000,963000,1762000,1952000,1097000,708000,234000,225000,311000,0,342000,540000,781000,1369000,2479000,2940000,1302000,0,319000,0,448000,0,480000,0,1118000,1651000,2460000,3328000,1235000,742000,478000,248000,369000,299000,374000,603000,885000,1415000,2564000,2557000,1137000,736000,358000,278000
RD,RD37,NORTH OKANAGAN RD,1407000,1596000,1537000,929000,935000,1188000,1777000,1969000,1639000,944000,976000,1485000,1528000,1544000,1420000,844000,987000,1263000,1886000,2159000,1400000,1004000,896000,1370000,1704000,1967000,1740000,747000,1042000,1345000,1986000,2521000,1285000,989000,1013000,1738000,2080000,2025000,1581000,1016000,1189000,1447000,1909000,2447000,1352000,1028000,963000,1765000,1915000,2081000,1717000,826000,1153000,1229000,2300000,2054000,1439000,952000,912000,2038000,2028000,2429000,1974000,1176000,1644000,1529000,2423000,2162000,1569000,1063000,1145000,2268000,1725000,1978000,1891000,1228000,1636000,1932000,2981000,2937000,1896000,1192000,1167000,2038000,2359000,2385000,2435000,1311000,1817000,1951000,2809000,2969000,1972000,1285000,1257000,2460000,2609000,2420000,2684000,1197000,1754000,2269000,2601000,2996000,1662000,1376000,1090000,2068000,2135000,2110000,2197000,1275000,1607000,1879000,2888000,2767000,1906000,1317000,1375000,2311000
UC,UC17,VERNON UC,406000,522000,632000,661000,827000,1018000,1305000,1488000,1257000,676000,420000,555000,400000,536000,665000,696000,892000,1043000,1338000,1631000,1134000,673000,499000,480000,471000,566000,676000,604000,887000,1157000,1476000,1760000,1092000,809000,581000,510000,473000,566000,647000,797000,1068000,1220000,1461000,1958000,1216000,849000,578000,579000,574000,605000,851000,685000,1030000,1066000,1668000,1644000,1297000,831000,608000,606000,613000,650000,797000,995000,1425000,1309000,1870000,1749000,1386000,940000,697000,758000,613000,693000,989000,1058000,1522000,1769000,2299000,2457000,1733000,1014000,678000,735000,659000,772000,987000,1149000,1704000,1778000,2219000,2524000,1821000,1116000,738000,763000,705000,815000,1163000,1056000,1665000,2061000,2036000,2541000,1551000,1206000,663000,819000,826000,782000,899000,1043000,1503000,1764000,2275000,2370000,1812000,1204000,822000,739000
UC,UC9937,REST OF NORTH OKANAGAN RD,1002000,1074000,905000,269000,108000,169000,472000,481000,383000,268000,557000,930000,1128000,1008000,755000,149000,95000,221000,548000,528000,266000,331000,397000,890000,1233000,1401000,1063000,143000,155000,189000,510000,761000,194000,179000,432000,1228000,1606000,1460000,933000,219000,121000,227000,448000,490000,136000,179000,385000,1186000,1341000,1476000,866000,141000,123000,163000,632000,410000,142000,121000,304000,1432000,1415000,1779000,1177000,181000,219000,219000,553000,413000,183000,123000,449000,1510000,1113000,1285000,902000,170000,114000,163000,682000,480000,163000,178000,490000,1303000,1700000,1613000,1448000,161000,113000,173000,590000,445000,151000,170000,518000,1697000,1904000,1605000,1521000,141000,89000,209000,565000,455000,111000,170000,427000,1249000,1309000,1328000,1298000,231000,104000,115000,613000,397000,94000,113000,553000,1573000
RD,RD39,COLUMBIA-SHUSWAP RD,1298000,1447000,1780000,1528000,1872000,3269000,6061000,6539000,4049000,1630000,967000,1012000,1368000,1597000,1900000,1629000,1932000,3290000,6096000,6825000,3783000,1651000,1120000,1467000,1862000,2124000,2424000,1773000,2154000,3744000,6472000,7559000,3871000,2075000,1138000,1487000,1985000,2245000,2468000,1834000,2075000,3733000,6596000,7910000,3803000,1980000,1090000,1524000,2020000,2574000,2586000,2010000,2458000,3850000,7480000,7486000,4502000,2235000,1218000,1747000,2100000,2780000,3265000,1991000,3027000,4031000,7882000,7966000,4674000,2265000,1459000,2055000,2344000,3013000,3482000,2203000,3073000,4430000,8327000,9167000,5458000,3023000,1695000,2785000,3269000,3886000,4334000,2724000,4144000,5400000,9214000,10450000,5966000,3010000,1927000,3467000,3523000,4572000,4682000,2709000,3570000,5592000,8690000,10774000,5576000,2689000,1713000,3259000,3868000,4618000,4213000,2421000,2878000,4743000,8358000,9388000,5280000,2242000,1565000,3234000
UC,UC27,REVELSTOKE UC,345000,423000,490000,392000,478000,787000,1492000,1487000,989000,413000,183000,293000,440000,521000,572000,496000,512000,851000,1443000,1566000,1040000,525000,302000,419000,503000,575000,617000,467000,555000,856000,1467000,1765000,952000,598000,268000,387000,537000,562000,559000,471000,550000,835000,1594000,1847000,1003000,551000,273000,416000,483000,634000,608000,487000,658000,947000,2026000,1762000,1122000,598000,298000,462000,467000,692000,689000,416000,705000,934000,1878000,1803000,1111000,620000,310000,526000,570000,654000,712000,502000,791000,1007000,1943000,2157000,1704000,1037000,603000,756000,914000,967000,1059000,947000,1279000,1629000,2617000,2793000,1974000,1169000,837000,1102000,1257000,1488000,1473000,1006000,1009000,1472000,2186000,3000000,1583000,889000,637000,1268000,1444000,1804000,1545000,816000,925000,1246000,2328000,2526000,1534000,720000,633000,1269000
UC,UC30,GOLDEN UC,318000,274000,442000,450000,646000,1043000,1757000,1967000,1225000,540000,403000,326000,317000,393000,512000,438000,632000,913000,1731000,1879000,1027000,454000,347000,453000,495000,634000,730000,523000,598000,1008000,1712000,2046000,1131000,564000,323000,489000,526000,773000,709000,448000,490000,861000,1717000,2137000,827000,500000,295000,483000,545000,922000,842000,536000,650000,935000,1879000,1983000,1311000,761000,343000,601000,644000,973000,1303000,508000,743000,1020000,2117000,2097000,1310000,640000,362000,761000,764000,1138000,1456000,623000,828000,1214000,2414000,2536000,1434000,735000,372000,1109000,1180000,1685000,1658000,718000,937000,1229000,2376000,2671000,1548000,653000,359000,1264000,1093000,1683000,1507000,598000,970000,1414000,2460000,2730000,1474000,666000,364000,993000,999000,1161000,1030000,570000,663000,1052000,1996000,2253000,1308000,550000,306000,886000
UC,UC9939,REST OF COLUMBIA-SHUSWAP RD,635000,749000,847000,686000,748000,1439000,2811000,3085000,1835000,678000,381000,394000,610000,683000,816000,695000,788000,1526000,2921000,3380000,1716000,672000,472000,595000,864000,915000,1077000,783000,1000000,1880000,3293000,3749000,1788000,914000,547000,611000,923000,911000,1200000,915000,1034000,2037000,3285000,3926000,1973000,929000,522000,625000,993000,1018000,1137000,987000,1150000,1967000,3576000,3741000,2069000,876000,577000,684000,989000,1116000,1273000,1067000,1578000,2077000,3887000,4065000,2253000,1006000,787000,769000,1011000,1221000,1314000,1078000,1454000,2209000,3970000,4474000,2321000,1252000,720000,921000,1176000,1233000,1617000,1059000,1928000,2542000,4222000,4987000,2444000,1188000,731000,1101000,1173000,1401000,1702000,1106000,1591000,2705000,4044000,5044000,2518000,1134000,712000,998000,1425000,1653000,1638000,1035000,1290000,2445000,4034000,4610000,2438000,972000,626000,1078000
DR,DR04,KOOTENAY DR,4098000,6045000,7299000,4183000,4057000,4721000,7315000,8841000,6396000,3871000,2627000,4370000,5000000,6283000,6882000,3672000,4127000,4729000,7714000,9068000,6497000,3621000,2362000,5301000,6306000,8096000,8891000,4293000,4428000,5301000,7776000,10180000,6648000,3589000,2212000,5247000,6746000,8718000,9051000,4370000,4255000,5119000,7961000,9154000,6118000,3826000,2181000,6126000,6947000,9818000,8920000,5042000,4300000,5380000,8972000,9238000,6942000,3812000,2562000,6210000,6952000,9156000,10419000,4658000,4792000,5338000,9438000,9882000,7471000,4138000,2631000,6768000,8339000,9485000,9153000,5100000,5219000,6082000,10253000,11346000,8249000,5011000,3107000,7924000,9976000,10993000,11171000,5627000,6279000,7799000,12178000,13444000,9221000,5787000,4127000,8971000,10477000,12032000,10483000,5201000,6808000,8358000,11353000,13550000,8833000,5380000,3724000,8361000,8784000,10040000,8940000,5273000,5759000,6806000,10860000,11857000,8394000,4786000,3253000,7619000
RD,RD01,EAST KOOTENAY RD,2226000,3379000,4707000,2704000,2328000,2862000,4571000,5690000,3793000,2184000,1282000,2599000,2942000,3635000,4242000,2173000,2528000,2964000,4933000,5653000,4013000,1992000,1263000,3152000,3741000,4850000,5609000,2628000,2621000,3410000,5165000,6673000,4251000,2084000,1191000,3277000,3783000,5226000,5638000,2807000,2472000,3382000,5272000,5890000,3818000,2392000,1242000,3677000,4200000,6053000,5626000,3219000,2533000,3547000,5741000,6025000,4441000,2224000,1409000,3490000,4079000,5296000,5030000,2929000,2830000,3360000,5932000,6174000,4570000,2389000,1457000,3669000,4601000,5179000,5386000,3027000,3073000,3873000,6464000,6955000,4921000,2942000,1629000,4577000,4934000,6560000,6425000,3325000,3739000,4924000,7421000,8215000,5560000,3159000,2134000,5440000,4989000,7417000,6083000,2686000,4201000,5346000,6908000,8219000,5732000,3194000,2017000,4969000,4586000,6142000,4830000,3098000,3320000,4126000,6491000,7308000,5204000,2626000,1684000,4421000
UC,UC08,CRANBROOK UC,303000,364000,465000,473000,571000,634000,946000,1132000,861000,625000,427000,278000,367000,343000,425000,479000,626000,715000,921000,939000,779000,594000,429000,298000,475000,372000,391000,578000,618000,723000,912000,1001000,909000,571000,412000,314000,333000,0,411000,438000,477000,652000,855000,0,796000,744000,405000,320000,0,365000,434000,0,470000,726000,967000,898000,824000,485000,426000,335000,300000,373000,480000,0,598000,599000,953000,868000,735000,0,426000,325000,353000,0,467000,462000,0,699000,947000,1046000,1065000,752000,535000,426000,0,0,622000,0,0,1093000,1309000,1515000,1260000,0,673000,484000,534000,745000,630000,784000,1236000,1300000,1472000,1561000,1270000,943000,657000,550000,561000,581000,673000,674000,824000,1061000,1377000,1350000,1185000,797000,596000,440000
UC,UC29,FERNIE UC,814000,989000,1558000,535000,209000,249000,417000,494000,314000,183000,172000,878000,1091000,1295000,1333000,317000,231000,237000,468000,608000,479000,276000,216000,1215000,1648000,2032000,2236000,586000,281000,419000,701000,970000,714000,337000,203000,1335000,1753000,2228000,2312000,657000,276000,403000,785000,854000,548000,335000,221000,1576000,2015000,2831000,2338000,788000,386000,554000,833000,887000,604000,324000,306000,1354000,1865000,2276000,1843000,559000,382000,372000,778000,884000,693000,378000,254000,1537000,2075000,2271000,1991000,596000,383000,511000,880000,1054000,608000,392000,234000,1682000,2191000,3139000,2744000,627000,424000,574000,1098000,1291000,826000,440000,284000,2077000,2192000,3170000,2386000,538000,513000,722000,1132000,1336000,872000,490000,271000,1772000,1813000,2559000,1758000,751000,542000,488000,917000,1040000,811000,413000,233000,1812000
UC,UC31,KIMBERLEY UC,221000,373000,649000,0,153000,307000,464000,512000,397000,158000,0,331000,408000,287000,400000,123000,242000,341000,631000,577000,325000,59000,0,0,0,0,0,156000,218000,307000,542000,575000,350000,137000,0,300000,0,676000,514000,0,270000,358000,605000,496000,293000,137000,0,427000,423000,689000,432000,172000,213000,385000,570000,472000,349000,106000,48000,417000,400000,499000,208000,142000,252000,359000,608000,456000,380000,92000,71000,370000,317000,518000,392000,131000,286000,435000,587000,515000,358000,177000,70000,469000,421000,445000,337000,267000,402000,582000,715000,575000,440000,162000,102000,681000,512000,868000,530000,175000,378000,546000,669000,544000,388000,164000,68000,592000,585000,858000,356000,119000,279000,482000,676000,489000,505000,143000,72000,439000
UC,UC38,COLUMBIA VALLEY UC,688000,1413000,1805000,1504000,1334000,1573000,2544000,3328000,2039000,1104000,517000,1002000,915000,1482000,1914000,1159000,1365000,1566000,2724000,3324000,2276000,956000,456000,1201000,1135000,1715000,2291000,1238000,1444000,1875000,2858000,3956000,2140000,984000,461000,1226000,1107000,1702000,2143000,1372000,1260000,1737000,2745000,3278000,1755000,952000,404000,1219000,1236000,1884000,2196000,1633000,1267000,1605000,2974000,3385000,2267000,1104000,526000,1243000,1356000,1896000,2282000,1474000,1383000,1810000,3282000,3626000,2473000,1148000,557000,1292000,1610000,1730000,2250000,1680000,1558000,1916000,3621000,3896000,2456000,1298000,651000,1725000,1468000,1960000,2404000,1558000,1573000,2228000,3667000,4061000,2373000,1261000,841000,1963000,1420000,2231000,2179000,943000,1601000,2263000,3098000,4089000,2503000,1069000,761000,1779000,1263000,1786000,1658000,1227000,1283000,1704000,3044000,3867000,2206000,879000,591000,1492000
UC,UC9901,REST OF EAST KOOTENAY RD,199000,240000,230000,0,61000,100000,200000,224000,182000,115000,0,110000,160000,228000,170000,95000,64000,105000,189000,205000,154000,106000,0,0,0,0,0,69000,60000,86000,152000,172000,138000,55000,0,101000,0,0,259000,0,190000,232000,282000,0,425000,224000,0,135000,0,284000,225000,0,197000,277000,398000,383000,398000,206000,103000,141000,158000,253000,217000,0,216000,221000,311000,341000,289000,0,149000,145000,246000,0,285000,158000,0,312000,429000,445000,434000,322000,139000,275000,0,0,318000,0,0,447000,631000,773000,661000,0,234000,235000,332000,402000,357000,247000,473000,515000,536000,689000,698000,527000,259000,277000,365000,358000,386000,327000,393000,392000,478000,562000,497000,394000,193000,237000
RD,RD03,CENTRAL KOOTENAY RD,761000,1064000,1012000,974000,1279000,1413000,2101000,2381000,1797000,1152000,934000,650000,785000,1134000,1073000,965000,1242000,1285000,2080000,2545000,1858000,1183000,759000,561000,855000,1065000,1088000,1036000,1341000,1348000,1985000,2520000,1678000,1133000,679000,557000,932000,1170000,1094000,957000,1333000,1311000,2093000,2464000,1811000,1046000,631000,659000,928000,1137000,1152000,1141000,1387000,1396000,2493000,2421000,1875000,1167000,758000,789000,874000,1106000,1313000,1194000,1544000,1419000,2507000,2782000,2255000,1288000,841000,750000,1092000,1317000,1287000,1255000,1659000,1633000,2794000,3186000,2561000,1559000,1055000,1010000,1289000,1546000,1812000,1548000,1971000,2119000,3557000,3828000,2786000,1947000,1235000,995000,1354000,1487000,1775000,1789000,2040000,2197000,3252000,3877000,2331000,1710000,1089000,868000,1347000,1352000,1595000,1411000,1945000,1944000,3309000,3282000,2439000,1670000,1115000,940000
UC,UC22,NELSON UC,265000,386000,349000,372000,478000,524000,705000,791000,636000,408000,378000,316000,244000,370000,413000,343000,413000,405000,639000,940000,714000,524000,320000,264000,287000,391000,384000,413000,500000,517000,763000,960000,618000,450000,272000,266000,318000,427000,410000,335000,580000,483000,807000,921000,654000,465000,261000,291000,0,436000,0,469000,534000,535000,0,840000,0,461000,0,342000,0,418000,450000,445000,486000,522000,0,993000,849000,519000,0,285000,377000,509000,492000,488000,549000,551000,1051000,1116000,787000,516000,290000,327000,453000,529000,567000,569000,658000,647000,1063000,1266000,884000,627000,414000,348000,452000,502000,532000,634000,627000,705000,1089000,1265000,827000,641000,353000,311000,355000,444000,549000,425000,653000,608000,1138000,1066000,824000,658000,416000,331000
UC,UC9903,REST OF CENTRAL KOOTENAY RD,496000,678000,663000,602000,801000,889000,1396000,1590000,1161000,744000,555000,334000,541000,764000,660000,622000,829000,880000,1441000,1606000,1144000,659000,439000,297000,567000,674000,705000,623000,841000,831000,1221000,1561000,1059000,683000,408000,290000,614000,743000,684000,623000,753000,828000,1286000,1543000,1158000,581000,370000,368000,0,702000,0,671000,853000,861000,0,1581000,0,707000,0,447000,0,688000,863000,749000,1059000,897000,0,1790000,1406000,769000,0,465000,715000,808000,794000,767000,1109000,1082000,1743000,2070000,1774000,1043000,765000,683000,835000,1016000,1245000,979000,1313000,1473000,2494000,2562000,1902000,1319000,822000,647000,902000,985000,1243000,1154000,1413000,1492000,2163000,2611000,1504000,1069000,736000,557000,992000,908000,1045000,986000,1292000,1336000,2172000,2216000,1615000,1012000,699000,609000
RD,RD05,KOOTENAY BOUNDARY RD,1111000,1601000,1580000,505000,449000,447000,642000,769000,806000,536000,412000,1121000,1274000,1513000,1567000,535000,357000,480000,701000,870000,626000,446000,341000,1588000,1711000,2181000,2194000,629000,467000,543000,627000,986000,720000,371000,342000,1413000,2030000,2321000,2319000,606000,450000,425000,597000,799000,489000,388000,308000,1790000,1819000,2627000,2142000,682000,380000,437000,737000,793000,626000,420000,395000,1931000,1999000,2753000,4075000,535000,417000,559000,999000,926000,646000,461000,333000,2349000,2646000,2989000,2481000,818000,487000,576000,995000,1204000,767000,511000,422000,2337000,3753000,2887000,2935000,753000,569000,755000,1200000,1401000,875000,681000,758000,2536000,4133000,3128000,2625000,726000,567000,815000,1192000,1454000,770000,477000,618000,2524000,2851000,2547000,2515000,764000,494000,735000,1059000,1267000,751000,490000,454000,2258000
DR,DR05,CARIBOO DR,2312000,2642000,2679000,3163000,3988000,4310000,5403000,5454000,4866000,3461000,2523000,2144000,2050000,2404000,2929000,3056000,3520000,4212000,5235000,5497000,4792000,3330000,2474000,2075000,2514000,2718000,2964000,2951000,3824000,4399000,5128000,5895000,5026000,3772000,2552000,1993000,2220000,2200000,2847000,3066000,3566000,4269000,4991000,5304000,4535000,3582000,2461000,2077000,2184000,2352000,3043000,3087000,3603000,4438000,5222000,5809000,4914000,3762000,2665000,2656000,2344000,2697000,3356000,3995000,4357000,4922000,6082000,5919000,5419000,4130000,3122000,2927000,2725000,2912000,3777000,3955000,4711000,5233000,6545000,6531000,6431000,4892000,3659000,3329000,3245000,3472000,4495000,4275000,5642000,6116000,7235000,7591000,6488000,5407000,4107000,3822000,3504000,3660000,4600000,4663000,5583000,6709000,7263000,7534000,6489000,5144000,3590000,3462000,3158000,3182000,3785000,3692000,4619000,5448000,6353000,6723000,6072000,4641000,3452000,3231000
RD,RD41,CARIBOO RD,741000,831000,890000,1041000,1422000,1886000,2526000,2638000,2224000,1377000,822000,814000,640000,756000,857000,976000,1421000,1896000,2408000,2530000,2081000,1373000,819000,708000,743000,869000,977000,1007000,1379000,1873000,2315000,2623000,2114000,1493000,865000,764000,724000,720000,888000,1000000,1410000,1828000,2335000,2581000,1931000,1429000,804000,831000,750000,724000,896000,1046000,1366000,1823000,2387000,2539000,2039000,1466000,909000,944000,727000,772000,959000,1301000,1501000,1936000,2673000,2537000,2154000,1450000,983000,988000,863000,871000,1049000,1181000,1665000,2068000,2712000,2736000,2593000,1714000,1110000,1151000,921000,935000,1089000,1331000,1977000,2417000,3025000,2842000,2468000,1660000,1289000,1148000,959000,1080000,1195000,1177000,1892000,2764000,2908000,3031000,2552000,1707000,1133000,1043000,905000,895000,999000,1079000,1834000,2140000,2604000,2870000,2451000,1553000,1036000,928000
UC,UC14,WILLIAMS LAKE UC,248000,262000,288000,323000,438000,457000,502000,488000,455000,368000,288000,206000,192000,213000,288000,282000,396000,405000,422000,439000,473000,355000,241000,176000,189000,295000,266000,283000,333000,372000,413000,469000,434000,395000,270000,166000,170000,203000,260000,281000,382000,408000,420000,504000,413000,333000,221000,169000,174000,169000,245000,290000,358000,404000,485000,535000,516000,395000,303000,194000,199000,228000,248000,371000,383000,439000,559000,520000,465000,378000,266000,212000,248000,216000,270000,329000,433000,488000,574000,510000,727000,566000,429000,326000,344000,340000,414000,518000,710000,793000,831000,815000,650000,576000,458000,319000,357000,387000,428000,441000,657000,839000,790000,819000,701000,671000,462000,336000,344000,346000,440000,446000,653000,714000,751000,864000,770000,605000,480000,342000
UC,UC21,QUESNEL UC,156000,175000,202000,284000,217000,293000,403000,405000,329000,282000,159000,110000,143000,171000,171000,262000,244000,299000,424000,388000,341000,279000,219000,153000,193000,173000,223000,298000,271000,307000,406000,456000,375000,296000,233000,178000,154000,174000,242000,283000,306000,346000,449000,442000,359000,365000,236000,201000,200000,201000,219000,363000,320000,337000,466000,428000,354000,300000,211000,208000,192000,195000,256000,430000,320000,381000,543000,402000,392000,309000,237000,219000,212000,209000,263000,351000,394000,365000,539000,476000,426000,366000,245000,224000,199000,192000,232000,380000,366000,402000,588000,450000,437000,357000,326000,215000,211000,246000,256000,259000,391000,676000,626000,489000,443000,374000,222000,204000,183000,169000,188000,203000,430000,400000,480000,467000,399000,287000,167000,144000
UC,UC9941,REST OF CARIBOO RD,336000,394000,400000,434000,767000,1136000,1621000,1745000,1440000,728000,375000,498000,305000,372000,398000,432000,781000,1192000,1562000,1703000,1267000,739000,359000,379000,361000,401000,488000,426000,774000,1195000,1496000,1698000,1305000,802000,362000,419000,400000,344000,386000,435000,722000,1074000,1466000,1635000,1159000,731000,347000,462000,376000,354000,432000,393000,688000,1081000,1436000,1576000,1170000,771000,395000,541000,336000,349000,455000,501000,798000,1116000,1570000,1615000,1297000,763000,480000,558000,402000,446000,516000,501000,839000,1215000,1599000,1750000,1441000,782000,435000,601000,378000,403000,444000,433000,900000,1222000,1606000,1577000,1380000,728000,505000,614000,391000,447000,511000,477000,844000,1250000,1492000,1723000,1408000,661000,449000,503000,378000,380000,372000,430000,751000,1027000,1372000,1539000,1283000,661000,389000,442000
RD,RD53,FRASER-FT GEORGE RD,1571000,1811000,1789000,2122000,2567000,2424000,2876000,2816000,2642000,2084000,1701000,1330000,1410000,1648000,2072000,2080000,2100000,2316000,2827000,2967000,2712000,1957000,1655000,1367000,1771000,1850000,1987000,1944000,2445000,2526000,2812000,3272000,2912000,2279000,1687000,1230000,1496000,1480000,1959000,2066000,2156000,2441000,2656000,2723000,2604000,2153000,1657000,1246000,1434000,1628000,2147000,2041000,2238000,2616000,2835000,3269000,2875000,2296000,1756000,1713000,1617000,1925000,2397000,2694000,2856000,2987000,3409000,3382000,3265000,2680000,2139000,1939000,1862000,2040000,2727000,2774000,3046000,3165000,3833000,3795000,3838000,3178000,2550000,2178000,2324000,2537000,3405000,2944000,3666000,3699000,4210000,4749000,4020000,3747000,2818000,2673000,2545000,2580000,3405000,3486000,3691000,3944000,4355000,4504000,3937000,3437000,2458000,2419000,2253000,2287000,2785000,2613000,2785000,3308000,3749000,3853000,3621000,3087000,2415000,2303000
UC,UC09,PRINCE GEORGE UC,1179000,1373000,1266000,1690000,2150000,1779000,1859000,1834000,1828000,1714000,1439000,1071000,1076000,1194000,1629000,1711000,1666000,1691000,1882000,1877000,1987000,1590000,1393000,1027000,1364000,1418000,1483000,1551000,1990000,1804000,1807000,2028000,2109000,1892000,1482000,967000,1097000,1127000,1481000,1669000,1754000,1799000,1713000,1887000,1897000,1759000,1423000,959000,1064000,1234000,1608000,1617000,1741000,1914000,1798000,2036000,2042000,1820000,1467000,1323000,1279000,1473000,1808000,2230000,2167000,2151000,2176000,2153000,2304000,2108000,1795000,1472000,1381000,1494000,2096000,2240000,2455000,2409000,2521000,2327000,2658000,2481000,2107000,1589000,1653000,1840000,2474000,2311000,2831000,2752000,2741000,3133000,2950000,2986000,2356000,1822000,1914000,1946000,2572000,2990000,3062000,3097000,2874000,2929000,2983000,2776000,2058000,1680000,1728000,1747000,2129000,2083000,2201000,2501000,2602000,2629000,2595000,2605000,2082000,1638000
UC,UC38,VALEMOUNT/ROBSON VALLEY UC,132000,147000,202000,205000,230000,428000,695000,654000,517000,174000,89000,152000,121000,163000,208000,171000,234000,425000,708000,748000,463000,0,0,213000,0,0,259000,214000,270000,0,796000,949000,524000,226000,0,0,180000,122000,210000,222000,240000,441000,745000,582000,441000,248000,104000,170000,140000,152000,254000,249000,332000,487000,788000,896000,551000,277000,101000,225000,143000,179000,315000,266000,412000,598000,950000,916000,680000,340000,152000,304000,222000,265000,345000,305000,435000,555000,1018000,1126000,754000,397000,190000,327000,266000,336000,515000,340000,499000,639000,1066000,1275000,797000,441000,256000,642000,336000,293000,463000,254000,416000,600000,1174000,1208000,673000,453000,242000,345000,250000,261000,339000,328000,399000,544000,869000,872000,772000,312000,177000,448000
UC,UC9953,REST OF FRASER-FT GEORGE RD,260000,292000,320000,227000,187000,218000,322000,328000,298000,196000,173000,107000,212000,290000,236000,198000,199000,200000,237000,342000,262000,0,0,126000,0,0,245000,179000,185000,0,210000,295000,280000,161000,0,0,219000,231000,268000,175000,162000,201000,198000,254000,266000,146000,130000,117000,230000,242000,285000,175000,165000,214000,249000,337000,282000,198000,188000,165000,196000,274000,274000,198000,277000,237000,284000,313000,281000,233000,192000,164000,259000,282000,286000,228000,157000,202000,294000,341000,426000,300000,252000,262000,405000,362000,417000,293000,336000,307000,403000,342000,272000,320000,206000,209000,295000,341000,370000,242000,213000,247000,307000,367000,282000,208000,158000,394000,275000,279000,317000,201000,185000,262000,278000,351000,254000,170000,156000,217000
DR,DR06,NORTH COAST DR,787000,1137000,1090000,1088000,1738000,3127000,3459000,3181000,2518000,1302000,932000,753000,735000,1015000,1064000,1041000,1576000,2844000,3291000,3024000,2774000,1325000,902000,687000,746000,1026000,1115000,971000,1580000,2942000,3479000,3416000,2475000,1207000,900000,681000,754000,993000,1129000,1017000,1470000,2972000,3475000,3499000,2465000,1253000,926000,829000,787000,1035000,1023000,1056000,1499000,3113000,3776000,3661000,2503000,1265000,954000,680000,729000,1023000,1134000,1006000,1942000,3196000,3889000,3758000,2640000,1174000,1007000,684000,682000,1085000,1150000,1025000,1875000,3460000,3944000,3851000,2836000,1375000,1138000,827000,827000,1179000,1461000,1279000,2044000,4109000,4702000,4777000,3391000,1698000,1356000,967000,960000,1492000,1515000,1353000,2199000,3897000,4785000,4023000,2977000,1696000,1389000,1179000,960000,1424000,1373000,1166000,1932000,2974000,4187000,3997000,2630000,1371000,1107000,818000
RD,RD47,SKEENA-QUEEN CHARLOTTE RD,337000,481000,433000,460000,946000,2156000,2230000,2023000,1289000,515000,409000,278000,327000,521000,490000,429000,857000,1916000,2258000,1983000,1735000,482000,412000,273000,279000,521000,521000,429000,896000,2105000,2472000,2330000,1213000,496000,387000,275000,288000,490000,432000,438000,841000,2149000,2566000,2490000,1314000,510000,446000,363000,329000,548000,443000,461000,862000,2153000,2656000,2631000,1389000,523000,445000,283000,295000,532000,401000,409000,1042000,2330000,2745000,2634000,1421000,439000,419000,263000,288000,573000,497000,449000,1014000,2379000,2799000,2685000,1528000,560000,509000,324000,352000,652000,664000,604000,1224000,2773000,3370000,3307000,1917000,731000,632000,388000,415000,720000,628000,590000,1248000,2843000,3524000,2702000,1615000,658000,599000,521000,387000,781000,575000,537000,1056000,2031000,2931000,2805000,1313000,547000,535000,342000
UC,UC10,PRINCE RUPERT UC,291000,0,0,369000,702000,1300000,1313000,1069000,912000,422000,349000,0,287000,463000,409000,346000,608000,1007000,1064000,980000,857000,397000,366000,246000,240000,480000,459000,343000,576000,924000,972000,938000,818000,379000,328000,234000,234000,453000,357000,361000,517000,896000,1021000,983000,836000,403000,357000,330000,272000,486000,353000,365000,552000,912000,1032000,1046000,847000,400000,348000,227000,257000,473000,324000,339000,628000,964000,1026000,1016000,894000,351000,300000,212000,245000,503000,412000,365000,567000,872000,970000,934000,810000,444000,406000,271000,296000,567000,547000,510000,689000,1034000,1355000,1367000,1104000,631000,495000,314000,0,0,508000,472000,733000,1136000,1396000,1188000,969000,575000,487000,311000,320000,695000,470000,467000,726000,985000,1173000,1187000,833000,433000,407000,283000
UC,UC9947,REST OF SKEENA-QUEEN CHARLOTTE RD,46000,0,0,91000,245000,855000,917000,954000,377000,93000,60000,0,40000,58000,82000,84000,249000,910000,1194000,1003000,877000,84000,46000,27000,39000,41000,62000,86000,320000,1180000,1499000,1392000,395000,118000,58000,41000,53000,37000,75000,77000,324000,1252000,1545000,1506000,478000,107000,89000,33000,57000,62000,91000,96000,310000,1241000,1624000,1585000,542000,123000,97000,56000,38000,59000,77000,70000,414000,1366000,1720000,1618000,527000,88000,119000,50000,44000,70000,85000,84000,448000,1507000,1829000,1751000,718000,116000,103000,53000,57000,86000,117000,94000,535000,1739000,2015000,1941000,813000,100000,137000,74000,0,0,120000,118000,516000,1707000,2127000,1514000,646000,83000,112000,210000,66000,86000,104000,70000,330000,1046000,1758000,1617000,479000,114000,128000,59000
RD,RD49,KITIMAT-STIKINE RD,449000,656000,657000,628000,791000,972000,1228000,1158000,1229000,787000,523000,475000,408000,494000,574000,611000,719000,928000,1033000,1041000,1039000,843000,490000,415000,467000,505000,594000,542000,685000,837000,1007000,1086000,1262000,711000,513000,406000,466000,503000,696000,580000,629000,824000,909000,1009000,1152000,743000,480000,466000,458000,487000,580000,595000,638000,960000,1120000,1030000,1114000,742000,510000,397000,434000,491000,733000,597000,900000,866000,1144000,1124000,1219000,735000,588000,422000,394000,512000,653000,576000,860000,1081000,1145000,1166000,1308000,815000,629000,503000,475000,527000,797000,675000,819000,1336000,1333000,1470000,1474000,967000,724000,580000,545000,772000,887000,762000,951000,1054000,1262000,1321000,1363000,1038000,790000,658000,573000,643000,798000,629000,876000,943000,1256000,1192000,1317000,824000,572000,476000
UC,UC15,TERRACE UC,234000,268000,365000,321000,398000,426000,564000,477000,506000,364000,312000,299000,209000,288000,323000,330000,430000,488000,490000,466000,448000,465000,315000,241000,253000,284000,361000,344000,424000,454000,462000,502000,542000,385000,300000,222000,243000,281000,353000,343000,377000,380000,416000,423000,409000,381000,290000,234000,273000,254000,304000,339000,345000,430000,479000,442000,415000,388000,284000,229000,217000,261000,387000,348000,504000,412000,469000,444000,483000,385000,332000,241000,246000,277000,363000,356000,516000,456000,506000,514000,456000,404000,338000,292000,247000,275000,362000,390000,418000,571000,509000,550000,465000,504000,399000,277000,324000,385000,417000,428000,545000,436000,524000,524000,490000,519000,380000,333000,312000,341000,371000,374000,454000,423000,530000,495000,491000,405000,330000,251000
UC,UC9949,REST OF KITIMAT-STIKINE RD,216000,388000,292000,308000,393000,546000,664000,681000,723000,423000,211000,176000,199000,206000,251000,281000,289000,440000,543000,575000,591000,378000,175000,174000,214000,221000,234000,198000,261000,384000,545000,583000,720000,326000,213000,184000,223000,222000,344000,236000,252000,444000,493000,586000,742000,363000,190000,233000,186000,232000,276000,256000,292000,530000,641000,587000,700000,355000,226000,168000,217000,230000,346000,249000,396000,454000,674000,680000,736000,349000,256000,181000,148000,235000,290000,220000,344000,625000,639000,652000,852000,410000,291000,211000,228000,252000,435000,285000,402000,765000,823000,919000,1008000,463000,325000,303000,221000,387000,470000,334000,406000,618000,737000,798000,873000,520000,409000,325000,261000,302000,427000,255000,422000,520000,725000,698000,826000,419000,242000,225000
DR,DR07,NECHAKO DR,434000,447000,556000,454000,655000,920000,927000,1022000,986000,722000,411000,384000,438000,399000,532000,475000,618000,867000,1063000,1130000,949000,848000,521000,421000,396000,416000,629000,470000,574000,872000,968000,1021000,1046000,829000,556000,420000,431000,518000,584000,484000,627000,867000,985000,1063000,1023000,896000,510000,433000,398000,438000,487000,516000,608000,931000,965000,1020000,1084000,839000,545000,449000,494000,642000,821000,608000,788000,945000,1008000,1155000,1168000,890000,624000,506000,513000,572000,655000,526000,771000,1040000,1141000,1198000,1195000,1019000,665000,497000,538000,556000,768000,610000,956000,1130000,1273000,1416000,1423000,1244000,764000,568000,511000,577000,735000,739000,821000,1152000,1250000,1302000,1355000,1183000,712000,555000,393000,498000,687000,634000,688000,1047000,1153000,1332000,1264000,1089000,579000,500000
RD,RD51+57,BULKLEY-NECHAKO+STIKINE RD,434000,447000,556000,454000,655000,920000,927000,1022000,986000,722000,411000,384000,438000,399000,532000,475000,618000,867000,1063000,1130000,949000,848000,521000,421000,396000,416000,629000,470000,574000,872000,968000,1021000,1046000,829000,556000,420000,431000,518000,584000,484000,627000,867000,985000,1063000,1023000,896000,510000,433000,398000,438000,487000,516000,608000,931000,965000,1020000,1084000,839000,545000,449000,494000,642000,821000,608000,788000,945000,1008000,1155000,1168000,890000,624000,506000,513000,572000,655000,526000,771000,1040000,1141000,1198000,1195000,1019000,665000,497000,538000,556000,768000,610000,956000,1130000,1273000,1416000,1423000,1244000,764000,568000,511000,577000,735000,739000,821000,1152000,1250000,1302000,1355000,1183000,712000,555000,393000,498000,687000,634000,688000,1047000,1153000,1332000,1264000,1089000,579000,500000
UC,UC11,SMITHERS UC,212000,219000,273000,247000,311000,462000,499000,567000,593000,415000,247000,199000,184000,224000,281000,265000,336000,434000,568000,595000,553000,476000,274000,193000,191000,220000,352000,246000,280000,473000,489000,505000,587000,428000,276000,189000,204000,245000,278000,262000,289000,404000,432000,526000,560000,476000,253000,178000,177000,228000,250000,275000,280000,459000,472000,563000,607000,450000,290000,182000,220000,403000,538000,339000,375000,446000,518000,610000,653000,441000,305000,186000,201000,282000,331000,295000,360000,495000,549000,628000,623000,502000,324000,201000,240000,295000,375000,330000,484000,533000,661000,778000,804000,722000,385000,288000,260000,324000,404000,483000,397000,590000,681000,722000,697000,731000,420000,288000,186000,256000,373000,378000,380000,555000,591000,667000,708000,655000,296000,274000
UC,UC9951+57,REST OF NECHAKO DR,223000,228000,283000,207000,344000,458000,428000,455000,393000,307000,164000,185000,253000,175000,251000,210000,282000,433000,495000,536000,396000,372000,247000,228000,206000,196000,277000,223000,294000,399000,479000,517000,458000,402000,280000,230000,227000,273000,306000,222000,338000,463000,553000,537000,462000,421000,256000,255000,221000,210000,236000,241000,328000,473000,493000,458000,477000,389000,255000,267000,274000,239000,283000,269000,413000,499000,490000,545000,515000,448000,319000,320000,312000,290000,324000,231000,410000,545000,591000,570000,572000,518000,341000,296000,298000,261000,393000,280000,471000,597000,612000,638000,619000,522000,378000,281000,251000,253000,331000,256000,424000,562000,569000,580000,658000,452000,292000,266000,206000,242000,313000,257000,308000,492000,562000,664000,556000,434000,283000,227000
DR,DR08,NORTHEAST DR,2635000,3277000,3349000,1554000,1567000,2127000,2650000,2492000,2603000,2322000,2414000,2415000,3052000,3538000,4344000,2476000,2124000,2619000,2961000,3143000,2967000,2890000,2661000,2723000,3992000,4880000,4241000,3241000,1893000,2462000,2679000,2990000,3342000,3159000,2478000,2224000,3994000,5068000,6787000,3445000,2444000,2873000,3719000,3964000,3511000,3431000,2984000,3838000,4369000,6271000,6493000,3622000,2369000,3214000,3859000,4012000,4059000,5128000,4176000,3966000,5867000,9225000,7382000,3450000,3194000,4135000,4692000,4541000,5097000,6217000,4907000,4694000,5577000,6414000,8013000,5299000,4753000,6332000,7067000,6953000,6855000,6015000,6040000,4657000,5845000,6186000,7490000,4818000,4035000,5724000,6346000,6490000,5884000,5586000,5268000,4833000,5169000,6474000,7410000,5826000,4454000,6672000,6698000,7111000,7376000,7607000,6884000,5418000,6591000,6189000,6606000,4189000,3894000,5849000,5692000,5664000,5725000,6356000,5787000,5033000
RD,RD55+59,PEACE RIVER+NORTHERN ROCKIES RD,2635000,3277000,3349000,1554000,1567000,2127000,2650000,2492000,2603000,2322000,2414000,2415000,3052000,3538000,4344000,2476000,2124000,2619000,2961000,3143000,2967000,2890000,2661000,2723000,3992000,4880000,4241000,3241000,1893000,2462000,2679000,2990000,3342000,3159000,2478000,2224000,3994000,5068000,6787000,3445000,2444000,2873000,3719000,3964000,3511000,3431000,2984000,3838000,4369000,6271000,6493000,3622000,2369000,3214000,3859000,4012000,4059000,5128000,4176000,3966000,5867000,9225000,7382000,3450000,3194000,4135000,4692000,4541000,5097000,6217000,4907000,4694000,5577000,6414000,8013000,5299000,4753000,6332000,7067000,6953000,6855000,6015000,6040000,4657000,5845000,6186000,7490000,4818000,4035000,5724000,6346000,6490000,5884000,5586000,5268000,4833000,5169000,6474000,7410000,5826000,4454000,6672000,6698000,7111000,7376000,7607000,6884000,5418000,6591000,6189000,6606000,4189000,3894000,5849000,5692000,5664000,5725000,6356000,5787000,5033000
UC,UC12,FORT ST JOHN UC,855000,1117000,997000,510000,628000,687000,791000,752000,991000,848000,901000,881000,1227000,1406000,1769000,1006000,952000,929000,1075000,1208000,1224000,1409000,1494000,1432000,2159000,2625000,1691000,1924000,945000,818000,1033000,1235000,1269000,1361000,975000,751000,1696000,2433000,3359000,1436000,1177000,970000,1284000,1340000,992000,960000,863000,1106000,1553000,2722000,2869000,1249000,802000,1109000,1402000,1357000,1255000,1899000,1478000,1486000,2870000,4915000,2493000,1242000,1154000,1466000,1671000,1613000,1939000,2700000,2056000,1756000,2153000,2756000,3150000,1983000,1791000,1890000,2292000,2299000,2406000,2267000,2200000,1685000,2708000,2582000,2842000,1555000,1565000,1760000,1800000,1544000,1725000,1646000,1559000,1364000,1748000,1834000,2197000,1553000,1351000,2143000,1711000,1817000,1969000,2147000,1811000,1304000,1837000,1663000,1692000,1097000,1087000,1336000,1258000,1303000,1338000,1712000,1594000,1078000
UC,UC19,DAWSON CREEK UC,384000,404000,463000,296000,304000,392000,494000,477000,409000,428000,585000,387000,378000,332000,435000,323000,349000,438000,467000,512000,461000,411000,390000,356000,464000,425000,518000,336000,287000,424000,424000,451000,408000,336000,312000,265000,371000,416000,622000,353000,288000,444000,555000,569000,525000,613000,520000,350000,440000,596000,740000,364000,396000,585000,673000,584000,603000,653000,650000,481000,613000,826000,871000,548000,558000,715000,790000,824000,815000,861000,885000,677000,1047000,925000,1150000,896000,989000,1548000,1251000,1383000,1357000,1294000,1261000,859000,1174000,1427000,1628000,852000,744000,1015000,1129000,1216000,1195000,1389000,1403000,994000,1050000,1260000,1519000,951000,813000,1130000,1245000,1332000,1353000,1597000,1625000,1169000,1543000,1306000,1330000,702000,720000,1160000,1244000,1482000,1483000,1660000,1554000,1160000
UC,UC9955+59,REST OF NORTHEAST DR,1396000,1756000,1890000,748000,635000,1048000,1365000,1263000,1203000,1047000,929000,1148000,1447000,1800000,2140000,1147000,824000,1253000,1420000,1422000,1281000,1070000,777000,935000,1369000,1831000,2031000,980000,661000,1220000,1222000,1304000,1665000,1462000,1190000,1208000,1927000,2219000,2807000,1655000,979000,1459000,1880000,2055000,1994000,1858000,1601000,2382000,2376000,2953000,2884000,2010000,1171000,1520000,1784000,2071000,2201000,2576000,2048000,1999000,2384000,3485000,4017000,1660000,1482000,1954000,2231000,2105000,2343000,2656000,1966000,2261000,2377000,2733000,3713000,2420000,1973000,2894000,3524000,3271000,3091000,2454000,2579000,2113000,1963000,2177000,3020000,2410000,1727000,2949000,3417000,3730000,2963000,2550000,2306000,2475000,2370000,3380000,3693000,3322000,2290000,3399000,3742000,3962000,4054000,3862000,3449000,2944000,3211000,3220000,3584000,2389000,2087000,3353000,3190000,2879000,2904000,2983000,2639000,2796000
BC,BC00,BRITISH COLUMBIA,80129000,96551000,116881000,99118000,115752000,141561000,180236000,193167000,157402000,98157000,72499000,85901000,92959000,104442000,128255000,101618000,119300000,144176000,190428000,205134000,138602000,89337000,69525000,85613000,88545000,109158000,127347000,103574000,119491000,148430000,187832000,211639000,145994000,100181000,70099000,90441000,96622000,114584000,123186000,97908000,117510000,136113000,179764000,208121000,142123000,99308000,71490000,94044000,96497000,115838000,125964000,108749000,127733000,152057000,202964000,212410000,160557000,105195000,76317000,102904000,100457000,120085000,131238000,108674000,135816000,160150000,210148000,224955000,175171000,112345000,92236000,110289000,107063000,120120000,138982000,117876000,150711000,182161000,227747000,240164000,184565000,125981000,96162000,116077000,121059000,134819000,157076000,128944000,163624000,195954000,238633000,261221000,198074000,135278000,102051000,127759000,129512000,145778000,159946000,131225000,168539000,203541000,236018000,263748000,188107000,134515000,99111000,117511000,115611000,128350000,134936000,116521000,141589000,165699000,211175000,232381000,173531000,120616000,93733000,109123000
